danceability_derived,energy_derived,tempo_derived,valence_derived,danceability_spotify,valence_spotify,tempo_spotify,energy_spotify
-3.0958155414985304,-1.9663859830380095,-3.874095401456411,-1.9324949905863893,0.023832345147868916,-0.27331544064657887,0.21932205268120306,-0.39797582891181120
0.16887954074929948,-1.8594772868559848,-1.879922806673677,1.665671052537411,-0.6447445720774764,-0.023001661690299414,-0.09227741350770842,-0.29546057057613095
-3.0958155414985304,-1.9664592814477193,-3.874095401456411,-1.9324949905863893,0.3728521595638118,-0.49111111538799423,-0.30284635833663864,0.12192298121913872
1.7632655111494024,1.2986516965436974,-0.7477254084459235,1.6414715331216982,0.6606801883354012,0.08513994069866726,-0.007818692264810556,0.838797537723646
-2.6137602523669003,1.6882096782192826,2.240709487057319,-1.883513650819023,-0.12234803166919817,-0.9056791323784246,0.01661459222617707,1.024057254573125
0.7524678668019316,1.6442745675039905,0.43510151622306986,-0.4154876172138917,0.02949825122604958,-0.9334329562083201,0.3051389041149414,0.6410895395048338
1.311126206110567,-1.8442464484746832,-0.09156570105193125,1.0274087279479853,-0.043025346574665835,0.08816488062563135,-0.07542484609155682,-0.6615864932035604
